{
  "yaxis": {
    "windGust_mean": [
      6.062222222222223,
      6.673650793650791,
      6.79420634920635,
      6.73301587301587,
      6.779841269841271,
      7.117222222222221,
      6.808809523809526,
      6.5206349206349214,
      6.348253968253965,
      5.388809523809525,
      5.687619047619047,
      6.462777777777776,
      6.185079365079361,
      6.414841269841269,
      6.378571428571428,
      6.646349206349206,
      7.3280158730158735,
      8.413253968253962,
      9.468333333333334,
      10.294047619047598,
      10.935396825396843,
      11.321031746031723,
      11.25666666666666,
      10.925476190476205
    ],
    "risk_amax": [
      2.112806739083015,
      5.9777524814041545,
      4.197827075450752,
      3.6862403679103566,
      3.614586939147816,
      6.116511901528867,
      4.625870265612999,
      4.001675379634042,
      3.262376282434572,
      1.6515040668827898,
      3.753422749972445,
      13.340027200641364,
      10.56266780684064,
      16.628635258847854,
      21.911819969861625,
      27.95263821280491,
      24.575954201734184,
      12.768669294808477,
      3.2503376034300944,
      1.0580812979325425,
      0.8522495812213198,
      1.099107532920631,
      1.1324160212118608,
      2.267674786113005
    ],
    "risk_mean": [
      0.5063062133548598,
      1.4594619575281975,
      0.8963896756535714,
      0.743517034032935,
      0.6639799093937218,
      1.015527629663772,
      1.0294766943476614,
      0.8362827541558827,
      0.7100768090718104,
      0.3842112770610346,
      0.9056628805601055,
      3.2880454818860434,
      3.3136108665978354,
      5.828231138066303,
      7.497391495040666,
      9.674040316755422,
      6.9205058055313495,
      2.4322434932924044,
      0.2992006112110018,
      0.042760506830885885,
      0.01769004317022402,
      0.023436896277831347,
      0.07489151673790066,
      0.17305943119373707
    ],
    "precipIntensity_mean": [
      0.021586507936507956,
      0.015584126984126992,
      0.010014285714285727,
      0.006951587301587305,
      0.006158730158730161,
      0.006362698412698416,
      0.00769603174603175,
      0.012130952380952393,
      0.019432539682539707,
      0.02570634920634921,
      0.0261920634920635,
      0.02451031746031748,
      0.02390396825396828,
      0.02386349206349209,
      0.0237230158730159,
      0.024508730158730174,
      0.03150634920634918,
      0.04274285714285715,
      0.05104047619047618,
      0.0499761904761905,
      0.04366349206349215,
      0.03800158730158726,
      0.036896825396825435,
      0.03814206349206344
    ],
    "temperature_mean": [
      15.68714285714285,
      15.854999999999995,
      15.40880952380952,
      15.328968253968258,
      15.242460317460315,
      15.37373015873016,
      15.190873015873006,
      15.260634920634928,
      15.367063492063497,
      15.714047619047621,
      16.590952380952373,
      17.43150793650793,
      17.573174603174618,
      18.093809523809526,
      18.354523809523805,
      18.649047619047625,
      18.37650793650793,
      17.74825396825396,
      17.032460317460323,
      16.5986507936508,
      16.49103174603174,
      16.553809523809527,
      16.744126984126975,
      16.931587301587314
    ],
    "humidity_mean": [
      0.9789682539682544,
      0.9719047619047617,
      0.9801587301587302,
      0.9835714285714283,
      0.9861904761904765,
      0.9857142857142859,
      0.9786507936507938,
      0.9797619047619051,
      0.9812698412698411,
      0.979761904761905,
      0.9802380952380951,
      0.9675396825396831,
      0.9629365079365083,
      0.9463492063492066,
      0.9341269841269841,
      0.9235714285714284,
      0.9405555555555554,
      0.971111111111111,
      0.9934920634920631,
      0.9990476190476186,
      0.9997619047619046,
      0.9997619047619046,
      0.9992857142857139,
      0.9981746031746026
    ],
    "windBearing_mean": [
      48.714285714285715,
      45.72222222222222,
      45.96825396825397,
      43.80952380952381,
      43.698412698412696,
      44.111111111111114,
      41.817460317460316,
      40.51587301587302,
      42.07936507936508,
      38.92857142857143,
      38.92857142857143,
      35.73809523809524,
      47.13492063492063,
      58.57936507936508,
      46.642857142857146,
      43.74603174603175,
      45.888888888888886,
      48.62698412698413,
      49.38095238095238,
      49.976190476190474,
      49.94444444444444,
      50.0,
      52.0,
      53.976190476190474
    ],
    "windSpeed_mean": [
      4.866349206349206,
      4.789523809523808,
      5.26015873015873,
      4.928571428571429,
      5.325555555555558,
      5.2082539682539695,
      5.350793650793646,
      4.813253968253969,
      5.014047619047617,
      4.489523809523807,
      4.371746031746034,
      3.9682539682539693,
      3.544365079365078,
      3.434365079365077,
      3.7516666666666665,
      3.8514285714285714,
      4.679444444444443,
      6.202063492063496,
      7.6857936507936495,
      8.621984126984124,
      9.103174603174605,
      9.37015873015872,
      9.31150793650793,
      9.049285714285693
    ]
  },
  "xaxis": [
    "2017-11-08 00:00:00",
    "2017-11-08 01:00:00",
    "2017-11-08 02:00:00",
    "2017-11-08 03:00:00",
    "2017-11-08 04:00:00",
    "2017-11-08 05:00:00",
    "2017-11-08 06:00:00",
    "2017-11-08 07:00:00",
    "2017-11-08 08:00:00",
    "2017-11-08 09:00:00",
    "2017-11-08 10:00:00",
    "2017-11-08 11:00:00",
    "2017-11-08 12:00:00",
    "2017-11-08 13:00:00",
    "2017-11-08 14:00:00",
    "2017-11-08 15:00:00",
    "2017-11-08 16:00:00",
    "2017-11-08 17:00:00",
    "2017-11-08 18:00:00",
    "2017-11-08 19:00:00",
    "2017-11-08 20:00:00",
    "2017-11-08 21:00:00",
    "2017-11-08 22:00:00",
    "2017-11-08 23:00:00"
  ]
}